{"ball_x": 1303.75,
  "ball_y": 135.0,
  "robot12": ["[u'yellow', [0, 0]]", "317.5", "239.5",
              "-1.53535611894"],
  "robot10": ["[u'yellow', [0, 0]]", "393.5", "180.5",
              "-0.77294301786"],
  "robot11": ["[u'yellow', [0, 0]]", "364.5", "206.5",
              "-2.02830562003"],
  "fieldCorners": [[1050.0, 709.0], [210.0, 713.0],
                   [226.0, 85.0], [1028.0, 75.0]],
  "robot13": ["[u'yellow', [0, 0]]", "373.5", "180.5",
              "-2.96825045672"],
  "colors": [["yellow", [126, 165]], ["blue", [126, 127]],
             ["green", [106, 142]], ["red", [163, 137]],
             ["purple", [131, 106]]],
  "camera": "/dev/video0",
  "fieldSize": [510, 390],
  "fieldSizeMM": [1700, 1300],
  "imageScale": 1,
  "ball_radius": 20,
  "cameraRes": [480, 320],
  "circleWarpSize": 100}
