{
   "ball_radius" : 21,
   "ball_x" : 903,
   "ball_y" : 280,
   "camera" : "/dev/video1",
   "cameraRes" : [ 720, 480 ],
   "circleWarpSize" : 100,
   "colors" : {
      "blue" : [ 28, 227, 238 ],
      "green" : [ 106, 142, 0 ],
      "orange" : [ 27, 221, 237 ],
      "purple" : [ 131, 106, 0 ],
      "red" : [ 163, 137, 0 ],
      "yellow" : [ 126, 165, 0 ]
   },
   "fieldCorners" : [
      [ 4, 0 ],
      [ 632, 4 ],
      [ 634, 476 ],
      [ 2, 478 ]
   ],
   "fieldSize" : [ 510, 390 ],
   "fieldSizeMM" : [ 1700, 1300 ],
   "imageScale" : 1,
   "robot10" : [ "[u'yellow', [0, 0]]", "393.5", "180.5", "-0.77294301786" ],
   "robot11" : [ "[u'yellow', [0, 0]]", "364.5", "206.5", "-2.02830562003" ],
   "robot12" : [ "[u'yellow', [0, 0]]", "317.5", "239.5", "-1.53535611894" ],
   "robot13" : [ "[u'yellow', [0, 0]]", "373.5", "180.5", "-2.96825045672" ]
}
